{"Episode": 10, "Reward": -216307.02272065647, "Env Reward": -9.762581800067416, "_runtime": 10, "_timestamp": 1686840575, "_step": 11, "Test Episode": 0, "Test Reward": -1063.2942713206905, "_wandb": {"runtime": 11}}