{"Episode": 500, "Reward": -138094.8240550018, "Env Reward": -2.9783613868764047, "_runtime": 74, "_timestamp": 1686840268, "_step": 501, "Test Episode": 0, "Test Reward": -1086.6117839309177, "_wandb": {"runtime": 76}}