{"Episode": 10, "Reward": -189687.19978500012, "Env Reward": -6.270253697953156, "_runtime": 10, "_timestamp": 1686840390, "_step": 11, "Test Episode": 0, "Test Reward": -1016.0520633394883, "_wandb": {"runtime": 11}}