{"Episode": 10, "Reward": -202156.6407735734, "Env Reward": -5.835271044763403, "_runtime": 10, "_timestamp": 1686840607, "_step": 11, "Test Episode": 0, "Test Reward": -1710.3364262866776}