{"Episode": 3625, "Reward": -189241.71597529476, "Env Reward": -9.964724666234849, "_runtime": 595, "_timestamp": 1686841217, "_step": 3633, "Test Episode": 3500, "Test Reward": -1511.5215146397568, "_wandb": {"runtime": 596}}