{"Episode": 5104, "Reward": -5.87242956633216, "Env Reward": -0.017974313114955374, "_runtime": 835, "_timestamp": 1686842916, "_step": 5115, "Test Episode": 5000, "Test Reward": -1514.479704977087, "_wandb": {"runtime": 836}}