{"Episode": 3211, "Reward": -3750.7040059921983, "Env Reward": -8.19596915125217, "_runtime": 518, "_timestamp": 1686842037, "_step": 3218, "Test Episode": 3000, "Test Reward": -1509.9064162501118, "_wandb": {"runtime": 520}}