{"Episode": 10, "Reward": -202985.43991031285, "Env Reward": -5.799498884871411, "_runtime": 10, "_timestamp": 1686840337, "_step": 11, "Test Episode": 0, "Test Reward": -953.4155485692596, "_wandb": {"runtime": 11}}