{"Episode": 58, "Reward": -208946.31123439944, "Env Reward": -9.605604696280006, "_runtime": 15, "_timestamp": 1686840316, "_step": 59, "Test Episode": 0, "Test Reward": -1611.2681951473432, "_wandb": {"runtime": 16}}