{"Episode": 0, "Reward": -190299.29819837378, "Env Reward": -2.2442980805180044, "_runtime": 3, "_timestamp": 1686840176, "_step": 0, "_wandb": {"runtime": 4}}